{"proc": [{"acc": 0.8044692873954773, "precision": 0.8305084705352783, "recall": 0.662162184715271}]}